method,scenario,episode,success,steps,total_reward,path_length,collisions,replans
A*,open,1,True,6,103.91552506059644,6.414213562373095,0,0
A*,open,2,True,7,106.89213562373095,7.414213562373095,0,0
A*,open,3,True,8,110.51029162546929,10.899494936611667,0,0
A*,open,4,True,5,100.25,5.82842712474619,0,0
A*,open,5,True,7,105.89213562373095,7.414213562373095,0,0
A*,open,6,True,2,101.22213595499957,2.414213562373095,0,0
A*,open,7,True,4,102.49621125123531,4.414213562373095,0,0
A*,open,8,True,5,105.8062484748657,6.65685424949238,0,0
A*,open,9,True,6,105.89213562373095,7.656854249492381,0,0
A*,open,10,True,3,98.65685424949238,3.414213562373095,0,0
Pure DDQN,open,1,False,200,-200.72967038573097,282.8427124746201,0,0
Pure DDQN,open,2,True,3,102.71110255092798,3.8284271247461903,0,0
Pure DDQN,open,3,True,12,102.5,16.142135623730955,0,0
Pure DDQN,open,4,True,7,104.0562484748657,8.65685424949238,0,0
Pure DDQN,open,5,True,11,103.97366596101028,14.727922061357859,0,0
Pure DDQN,open,6,True,3,101.22213595499957,3.0,0,0
Pure DDQN,open,7,True,8,104.81021977856103,10.899494936611667,0,0
Pure DDQN,open,8,True,9,105.75,10.65685424949238,0,0
Pure DDQN,open,9,True,8,105.1245154965971,10.899494936611667,0,0
Pure DDQN,open,10,True,4,102.74621125123531,5.242640687119286,0,0
Hybrid DDQN+A*,open,1,True,9,18.020329614269002,5.82842712474619,4,0
Hybrid DDQN+A*,open,2,True,7,96.96110255092798,8.65685424949238,0,0
Hybrid DDQN+A*,open,3,True,21,70.5,23.313708498984763,1,0
Hybrid DDQN+A*,open,4,True,15,72.5562484748657,16.899494936611667,1,0
Hybrid DDQN+A*,open,5,True,19,91.47366596101028,21.899494936611667,0,0
Hybrid DDQN+A*,open,6,True,9,93.97213595499957,11.485281374238571,0,0
Hybrid DDQN+A*,open,7,True,19,93.06021977856103,22.313708498984763,0,0
Hybrid DDQN+A*,open,8,True,19,30.5,17.242640687119287,3,0
Hybrid DDQN+A*,open,9,True,14,96.1245154965971,15.242640687119286,0,0
Hybrid DDQN+A*,open,10,True,13,89.24621125123532,13.828427124746192,0,0
A*,aisle,1,True,8,102.1245154965971,8.414213562373096,0,0
A*,aisle,2,True,14,94.13330765278394,14.414213562373096,0,0
A*,aisle,3,True,16,80.3378608397885,16.414213562373096,0,0
A*,aisle,4,True,9,81.5922087274677,9.414213562373096,0,0
A*,aisle,5,True,2,100.97213595499957,2.414213562373095,0,0
A*,aisle,6,True,2,100.97213595499957,2.414213562373095,0,0
A*,aisle,7,True,10,84.6282066392008,10.0,0,0
A*,aisle,8,True,12,86.65038886852437,12.0,0,0
A*,aisle,9,True,7,96.1619037896906,7.414213562373095,0,0
A*,aisle,10,True,11,76.41580857556148,11.0,0,0
Pure DDQN,aisle,1,False,200,-470.37504050458233,200.0,0,0
Pure DDQN,aisle,2,False,200,-325.6954910688295,200.0,0,0
Pure DDQN,aisle,3,False,200,-338.8284271247462,202.07106781186548,0,0
Pure DDQN,aisle,4,False,200,-519.0826134085617,200.0,0,0
Pure DDQN,aisle,5,False,200,-477.75497022251426,200.0,0,0
Pure DDQN,aisle,6,False,200,-338.5688467588573,282.428498912247,0,0
Pure DDQN,aisle,7,False,200,-443.5286762136545,200.0,0,0
Pure DDQN,aisle,8,False,200,-345.4111200288132,227.33809511662454,0,0
Pure DDQN,aisle,9,False,200,-522.9612187346125,200.0,0,0
Pure DDQN,aisle,10,False,200,-343.83447493940355,282.0142853498739,0,0
Hybrid DDQN+A*,aisle,1,True,14,-114.22178575434575,8.0,6,0
Hybrid DDQN+A*,aisle,2,True,14,34.78275925283613,13.242640687119286,2,0
Hybrid DDQN+A*,aisle,3,True,15,28.0,13.242640687119286,3,0
Hybrid DDQN+A*,aisle,4,True,21,-72.09060017856075,16.414213562373096,5,0
Hybrid DDQN+A*,aisle,5,True,31,-97.01656529525565,26.656854249492383,6,0
Hybrid DDQN+A*,aisle,6,True,25,-30.298459259451732,20.414213562373096,5,0
Hybrid DDQN+A*,aisle,7,True,21,49.83907279243665,21.242640687119287,1,0
Hybrid DDQN+A*,aisle,8,True,24,-92.39447911976745,17.82842712474619,7,0
Hybrid DDQN+A*,aisle,9,True,33,-301.8518960976563,22.0,11,0
Hybrid DDQN+A*,aisle,10,True,15,26.915525060596437,12.414213562373096,3,0
A*,dense,1,True,4,93.0,4.0,0,0
A*,dense,2,True,12,86.8636148356134,12.0,0,0
A*,dense,3,True,19,71.0410768089703,19.0,0,0
A*,dense,4,True,7,100.89911064067351,7.414213562373095,0,0
A*,dense,5,True,12,80.31432669566726,12.0,0,0
A*,dense,6,True,3,95.47213595499957,3.0,0,0
A*,dense,7,True,10,87.45382042637681,10.414213562373096,0,0
A*,dense,8,True,13,76.18462353336899,13.0,0,0
A*,dense,9,True,6,96.25,6.0,0,0
A*,dense,10,True,5,102.44803902718557,5.414213562373095,0,0
Pure DDQN,dense,1,False,200,-272.85786437626905,200.0,0,0
Pure DDQN,dense,2,True,14,76.96704723421234,14.0,0,0
Pure DDQN,dense,3,False,200,-650.0,200.0,0,0
Pure DDQN,dense,4,False,200,-275.0,200.0,0,0
Pure DDQN,dense,5,False,200,-6620.615015409845,1.0,199,0
Pure DDQN,dense,6,False,200,-500.387332417194,200.0,0,0
Pure DDQN,dense,7,False,200,-280.99511734652566,200.0,0,0
Pure DDQN,dense,8,False,200,-304.4788748599847,225.26702730475904,0,0
Pure DDQN,dense,9,False,200,-269.12258300203047,200.0,0,0
Pure DDQN,dense,10,True,5,91.25,5.0,0,0
Hybrid DDQN+A*,dense,1,True,18,-16.10786437626905,14.242640687119286,5,0
Hybrid DDQN+A*,dense,2,True,25,-83.47139995297886,20.0,5,0
Hybrid DDQN+A*,dense,3,True,14,-145.0,7.0,7,0
Hybrid DDQN+A*,dense,4,True,19,-76.7870231943337,14.82842712474619,5,0
Hybrid DDQN+A*,dense,5,True,27,-163.0270499412494,19.414213562373096,8,0
Hybrid DDQN+A*,dense,6,True,21,-76.5679575019945,17.0,4,0
Hybrid DDQN+A*,dense,7,True,19,-90.24511734652566,15.242640687119287,5,0
Hybrid DDQN+A*,dense,8,True,27,-165.12895485165294,20.414213562373096,7,0
Hybrid DDQN+A*,dense,9,True,27,-72.37258300203047,23.071067811865476,6,0
Hybrid DDQN+A*,dense,10,True,12,-141.5,5.0,7,0
