scenario,method,success_rate,average_reward,average_steps,average_path_length,average_collisions,collision_rate,average_replans
aisle,A*,1.0,90.39884724996136,9.1,9.389949493661167,0.0,0.0,0.0
aisle,Hybrid DDQN+A*,1.0,-56.83364285991685,21.3,17.14558441227157,4.9,1.0,0.0
aisle,Pure DDQN,0.0,-412.6040879004575,200.0,219.3851947190611,0.0,0.0,0.0
dense,A*,1.0,88.99267479228554,9.1,9.224264068711928,0.0,0.0,0.0
dense,Hybrid DDQN+A*,1.0,-103.02079501670346,20.9,15.621320343559642,5.9,1.0,0.0
dense,Pure DDQN,0.2,-900.5239740177636,161.9,144.5267027304759,19.9,0.1,0.0
open,A*,1.0,104.15336734878515,5.3,6.252691193458118,0.0,0.0,0.0
open,Hybrid DDQN+A*,1.0,75.2414429082466,14.5,15.671067811865475,0.9,0.4,0.0
open,Pure DDQN,0.9,73.21644290824659,26.5,36.689653634378246,0.0,0.0,0.0
