success,steps,reward,path_length,collisions,replans,scenario,method,episode
False,200,-1695.642969284869,169.50966799187816,57,0,open,Pure DDQN,1
True,13,48.98154621172781,12.242640687119286,2,1,open,Hybrid DDQN+A*,1
True,174,-963.9999999999998,162.19595949289342,35,0,open,Pure DDQN,2
True,14,47.6875,14.656854249492381,1,0,open,Hybrid DDQN+A*,2
False,200,-1023.3787887487645,191.5807358037438,37,0,open,Pure DDQN,3
True,15,86.24621125123532,18.313708498984763,0,1,open,Hybrid DDQN+A*,3
False,200,-1399.6102813742393,190.06601717798233,41,0,open,Pure DDQN,4
True,21,26.68991699796952,22.72792206135786,2,3,open,Hybrid DDQN+A*,4
False,200,-1560.0728637137308,182.99494936611677,46,0,open,Pure DDQN,5
True,13,52.94427190999916,13.071067811865477,2,0,open,Hybrid DDQN+A*,5
False,200,-1276.304248301436,198.37972567696715,36,0,open,Pure DDQN,6
True,13,86.34435424949237,15.071067811865477,0,0,open,Hybrid DDQN+A*,6
False,200,-1109.4190462117278,194.2375900532361,36,0,open,Pure DDQN,7
True,8,96.0,9.242640687119284,0,0,open,Hybrid DDQN+A*,7
True,16,45.79404621172782,16.48528137423857,2,0,open,Pure DDQN,8
True,15,26.73154621172783,15.071067811865477,2,0,open,Hybrid DDQN+A*,8
False,200,-1794.593711307847,169.9533188057741,52,0,open,Pure DDQN,9
True,9,99.375,9.414213562373096,0,1,open,Hybrid DDQN+A*,9
False,200,-1176.6641128511346,189.99494936611686,39,0,open,Pure DDQN,10
True,14,96.14213562373095,16.48528137423857,0,0,open,Hybrid DDQN+A*,10
True,11,57.5,12.899494936611667,1,0,open,Pure DDQN,11
True,8,81.0625,9.242640687119284,0,0,open,Hybrid DDQN+A*,11
False,200,-1434.4626117069065,190.9655121145939,43,0,open,Pure DDQN,12
True,9,78.6619037896906,9.65685424949238,1,0,open,Hybrid DDQN+A*,12
False,200,-1510.498095060293,167.43860018001266,57,0,open,Pure DDQN,13
True,13,97.83800749063505,16.313708498984763,0,0,open,Hybrid DDQN+A*,13
True,113,-357.0903640450004,119.71067811865467,14,0,open,Pure DDQN,14
True,8,35.90963595499957,5.82842712474619,3,0,open,Hybrid DDQN+A*,14
False,200,-1274.5416858823278,185.96551211459396,48,0,open,Pure DDQN,15
True,19,52.52032961426901,19.242640687119284,1,0,open,Hybrid DDQN+A*,15
True,108,-690.4269609728142,100.22539674441612,26,0,open,Pure DDQN,16
True,14,82.26053902718557,15.656854249492381,0,1,open,Hybrid DDQN+A*,16
False,200,-1195.1262234093394,192.89444430272846,39,0,open,Pure DDQN,17
True,7,53.07842712474619,5.414213562373095,2,0,open,Hybrid DDQN+A*,17
True,71,-269.97449250936495,72.35533905932735,9,0,open,Pure DDQN,18
True,15,84.65050749063506,16.656854249492383,0,8,open,Hybrid DDQN+A*,18
True,28,-93.53838935932646,23.89949493661167,7,0,open,Pure DDQN,19
True,14,64.83661064067351,15.071067811865476,1,4,open,Hybrid DDQN+A*,19
False,200,-1204.7243786322995,188.65180361560925,42,0,open,Pure DDQN,20
True,14,93.3227156035922,16.071067811865476,0,4,open,Hybrid DDQN+A*,20
False,200,-7005.555412172191,1.0,199,0,aisle,Pure DDQN,1
False,200,-12001.25,0.0,200,0,aisle,Hybrid DDQN+A*,1
False,200,-1968.110764332155,146.46803743153546,73,0,aisle,Pure DDQN,2
True,6,39.03463595499958,4.414213562373095,2,0,aisle,Hybrid DDQN+A*,2
True,9,7.078427124746199,5.414213562373095,4,0,aisle,Pure DDQN,3
True,3,97.57842712474618,3.414213562373095,0,0,aisle,Hybrid DDQN+A*,3
False,200,-2340.6751184951995,139.63961030678925,79,0,aisle,Pure DDQN,4
True,30,-46.1043108424154,26.414213562373096,4,0,aisle,Hybrid DDQN+A*,4
False,200,-3751.4433396335176,96.18376618407353,115,0,aisle,Pure DDQN,5
True,26,-130.76468462376442,20.656854249492383,7,4,aisle,Hybrid DDQN+A*,5
False,200,-9115.172446036337,39.97056274847714,165,0,aisle,Pure DDQN,6
True,31,-93.61509059591998,26.48528137423857,7,1,aisle,Hybrid DDQN+A*,6
False,200,-4973.0,54.0,146,0,aisle,Pure DDQN,7
True,8,-71.5,3.0,5,0,aisle,Hybrid DDQN+A*,7
True,48,-420.17036437626905,33.798989873223334,20,0,aisle,Pure DDQN,8
True,14,56.14213562373095,14.242640687119287,1,0,aisle,Hybrid DDQN+A*,8
False,200,-2166.9971833031686,128.98275605729683,88,0,aisle,Pure DDQN,9
True,27,-148.35965390886383,19.414213562373096,8,0,aisle,Hybrid DDQN+A*,9
False,200,-2556.913624416308,133.39696961966993,84,0,aisle,Pure DDQN,10
True,36,-234.66237850243857,25.82842712474619,11,2,aisle,Hybrid DDQN+A*,10
True,18,-65.06249999999997,16.313708498984763,5,0,aisle,Pure DDQN,11
True,6,29.625,3.82842712474619,3,0,aisle,Hybrid DDQN+A*,11
False,200,-2787.3408591007615,107.76955262170043,103,0,aisle,Pure DDQN,12
True,23,-26.987470605695307,18.414213562373096,5,0,aisle,Hybrid DDQN+A*,12
False,200,-7064.148148713358,57.0,143,0,aisle,Pure DDQN,13
True,44,-100.22692570681971,42.31370849898476,5,3,aisle,Hybrid DDQN+A*,13
False,200,-9606.550491320959,35.72792206135786,168,0,aisle,Pure DDQN,14
True,9,68.07303902718557,8.82842712474619,1,0,aisle,Hybrid DDQN+A*,14
False,200,-1911.898315988871,142.88225099390854,77,0,aisle,Pure DDQN,15
True,14,45.911903789690605,13.656854249492381,2,0,aisle,Hybrid DDQN+A*,15
False,200,-2520.164354480996,129.22539674441612,89,0,aisle,Pure DDQN,16
True,31,-35.91244967917609,30.313708498984766,4,1,aisle,Hybrid DDQN+A*,16
False,200,-4712.004929783428,48.41421356237309,152,0,aisle,Pure DDQN,17
True,14,-113.5,8.0,6,0,aisle,Hybrid DDQN+A*,17
False,200,-7039.055824504465,2.0,198,0,aisle,Pure DDQN,18
False,200,-11782.892341491213,1.0,199,1,aisle,Hybrid DDQN+A*,18
True,20,-156.17157287525382,15.656854249492383,6,0,aisle,Pure DDQN,19
True,8,13.328427124746199,6.0,2,3,aisle,Hybrid DDQN+A*,19
False,200,-6551.421394870951,46.41421356237309,154,0,aisle,Pure DDQN,20
True,12,-54.18923379045239,8.0,4,5,aisle,Hybrid DDQN+A*,20
False,200,-1802.7116788233109,144.63961030678922,74,0,dense,Pure DDQN,1
True,9,50.71110255092798,7.82842712474619,2,0,dense,Hybrid DDQN+A*,1
False,200,-5006.463284052368,53.0,147,0,dense,Pure DDQN,2
True,25,-153.07399209078915,17.0,8,0,dense,Hybrid DDQN+A*,2
True,29,-525.312984503403,11.0,18,0,dense,Pure DDQN,3
True,20,-159.4674612548713,13.0,7,0,dense,Hybrid DDQN+A*,3
False,200,-10193.531613377552,20.0,180,0,dense,Pure DDQN,4
True,50,-561.8833299330258,33.0,17,2,dense,Hybrid DDQN+A*,4
True,105,-5418.248112825839,12.0,93,0,dense,Pure DDQN,5
True,18,-342.8106128258396,12.0,6,11,dense,Hybrid DDQN+A*,5
False,200,-4734.015165123755,59.0,141,0,dense,Pure DDQN,6
True,37,-304.332198646591,27.0,10,1,dense,Hybrid DDQN+A*,6
True,18,-376.625,4.0,14,0,dense,Pure DDQN,7
True,8,-43.0,4.0,4,0,dense,Hybrid DDQN+A*,7
True,115,-2646.437461563869,34.0,81,0,dense,Pure DDQN,8
True,15,-86.82075726381385,10.0,5,0,dense,Hybrid DDQN+A*,8
False,200,-6210.791847633338,46.0,154,0,dense,Pure DDQN,9
True,25,-592.5608174006181,14.0,11,13,dense,Hybrid DDQN+A*,9
False,200,-6626.724368908611,45.0,155,0,dense,Pure DDQN,10
True,47,-868.2545730770455,29.0,18,14,dense,Hybrid DDQN+A*,10
False,200,-6665.329483864674,55.0,145,0,dense,Pure DDQN,11
True,26,-178.11093474459437,19.0,7,0,dense,Hybrid DDQN+A*,11
False,200,-6940.165165873169,40.0,160,0,dense,Pure DDQN,12
True,27,-238.21689034358712,20.0,7,3,dense,Hybrid DDQN+A*,12
False,200,-4780.625419117788,59.0,141,0,dense,Pure DDQN,13
True,44,-301.2550591719392,34.0,10,0,dense,Hybrid DDQN+A*,13
True,158,-4824.614782391453,39.0,119,0,dense,Pure DDQN,14
True,21,-203.82989395240918,13.0,8,1,dense,Hybrid DDQN+A*,14
False,200,-5510.10304801236,54.0,146,0,dense,Pure DDQN,15
True,19,-197.94148101094686,12.0,7,1,dense,Hybrid DDQN+A*,15
False,200,-5075.287826314171,48.0,152,0,dense,Pure DDQN,16
False,200,-2974.8414571135763,102.52691193458112,107,0,dense,Hybrid DDQN+A*,16
False,200,-2539.0770948061913,137.29646455628165,83,0,dense,Pure DDQN,17
True,15,-25.6875,10.414213562373096,5,0,dense,Hybrid DDQN+A*,17
False,200,-9814.138678341582,21.0,179,0,dense,Pure DDQN,18
True,26,-24.64684077146198,23.65685424949238,4,0,dense,Hybrid DDQN+A*,18
False,200,-8464.445775053055,38.0,162,0,dense,Pure DDQN,19
True,30,-397.1426921821424,19.0,11,3,dense,Hybrid DDQN+A*,19
True,135,-2285.712186782515,67.97056274847714,72,0,dense,Pure DDQN,20
True,14,-31.75378874876469,10.414213562373096,4,0,dense,Hybrid DDQN+A*,20
